dataset,model,finetuning_place, eval_metrics/MSE[mean],eval_metrics/MSE[0.5],eval_metrics/MAE[0.5],eval_metrics/MASE[0.5],eval_metrics/MAPE[0.5],eval_metrics/sMAPE[0.5],eval_metrics/MSIS,eval_metrics/RMSE[mean],eval_metrics/NRMSE[mean],eval_metrics/ND[0.5],eval_metrics/mean_weighted_sum_quantile_loss,domain,num_variates
'ett2/W/short', 'tabpfn_ts_local',-1, 3306526.285714286, 3306526.285714286, 1208.2855747767858, 0.7633167018832532, 0.12475614888327462, 0.12804836886269705, 12.933934212991884, 1818.3856262394636, 0.1525346764907747, 0.1013566355769112, 0.097399488663343, 'Energy', 7
'ett2/W/short', 'tabpfn_ts_local', 1, 10399634.285714285, 10399634.285714285, 2351.0870535714284, 1.6547586611164213, 0.30428736550467356, 0.3706686156136649, 11.365820590275346, 3224.8463972279806, 0.27051517281892096, 0.19722015943329915, 0.15563628968866058, 'Energy', 7
'ett2/W/short', 'tabpfn_ts_local', 2, 7153442.285714285, 7153442.285714285, 2082.046875, 1.5451619211951033, 0.3063415459224156, 0.362215518951416, 11.212238007467265, 2674.591984904293, 0.2243572635392521, 0.17465181308847996, 0.1346148410757308, 'Energy', 7
'ett2/W/short', 'tabpfn_ts_local', 3, 10319385.142857144, 10319385.142857144, 2483.612723214286, 1.8232126372800341, 0.31056257656642366, 0.43287345341273714, 21.687318604946476, 3212.3799810821174, 0.26946943162609094, 0.20833703137398968, 0.178177051763985, 'Energy', 7
'ett2/W/short', 'tabpfn_ts_local', 4, 7076046.857142857, 7076046.857142857, 1988.8662109375, 1.3956963242637104, 0.2573890345437186, 0.2891104221343994, 10.951156645358253, 2660.0839943774063, 0.22314026555509708, 0.1668353839202826, 0.13418200471207228, 'Energy', 7
'ett2/W/short', 'tabpfn_ts_local', 5, 8739649.714285715, 8739649.714285715, 2186.9469866071427, 1.5846393609192913, 0.2957416261945452, 0.38262711252485004, 14.126313567814405, 2956.2898562701384, 0.24798739625526517, 0.1834513242355916, 0.15173736769340407, 'Energy', 7