dataset,model,finetuning_place, eval_metrics/MSE[mean],eval_metrics/MSE[0.5],eval_metrics/MAE[0.5],eval_metrics/MASE[0.5],eval_metrics/MAPE[0.5],eval_metrics/sMAPE[0.5],eval_metrics/MSIS,eval_metrics/RMSE[mean],eval_metrics/NRMSE[mean],eval_metrics/ND[0.5],eval_metrics/mean_weighted_sum_quantile_loss,domain,num_variates
'hierarchical_sales/D/short', 'tabpfn_ts_local',-1, 30.875835346475817, 30.875835346475817, 2.3733689609762556, 0.7595217408358688, 0.6429384358958645, 1.0562287550220908, 8.033590720585755, 5.556602860244361, 1.704704221858376, 0.7281233137517993, 0.5933022190518654, 'Sales', 1
'hierarchical_sales/D/short', 'tabpfn_ts_local', 1, 29.981399047902027, 29.981399047902027, 2.3077985519907505, 0.7492307898417795, 0.6153593108458479, 1.1388943063862909, 8.674857713906418, 5.475527284919876, 1.6798311332066582, 0.7080070384235215, 0.5835309813185277, 'Sales', 1
'hierarchical_sales/D/short', 'tabpfn_ts_local', 2, 29.919258506872676, 29.919258506872676, 2.3169002638616165, 0.7485757316298668, 0.6123758153885702, 1.112892527460017, 9.310974564362695, 5.469849952866411, 1.6780893906053147, 0.7107993428301247, 0.5876889813254563, 'Sales', 1
'hierarchical_sales/D/short', 'tabpfn_ts_local', 3, 30.751843155746176, 30.751843155746176, 2.3425800425989562, 0.7569773611914958, 0.6025062708008151, 1.1357769036105765, 10.15847833491222, 5.545434442471228, 1.7012778749683446, 0.7186776145603464, 0.6066267680028324, 'Sales', 1
'hierarchical_sales/D/short', 'tabpfn_ts_local', 4, 30.471557203389832, 30.471557203389832, 2.338000594253824, 0.7572334117248346, 0.5957389336059162, 1.1395654155578234, 10.004835595301753, 5.520104818152444, 1.6935070267360097, 0.717272690522391, 0.6052610932465947, 'Sales', 1
'hierarchical_sales/D/short', 'tabpfn_ts_local', 5, 29.78665157348078, 29.78665157348078, 2.309182553805808, 0.7472552569967217, 0.6006167578248915, 1.1104277290259081, 9.409354750400382, 5.457714867367182, 1.6743664807621166, 0.7084316348534858, 0.5913679198963189, 'Sales', 1