dataset,model,finetuning_place, eval_metrics/MSE[mean],eval_metrics/MSE[0.5],eval_metrics/MAE[0.5],eval_metrics/MASE[0.5],eval_metrics/MAPE[0.5],eval_metrics/sMAPE[0.5],eval_metrics/MSIS,eval_metrics/RMSE[mean],eval_metrics/NRMSE[mean],eval_metrics/ND[0.5],eval_metrics/mean_weighted_sum_quantile_loss,domain,num_variates
'ett1/H/short', 'tabpfn_ts_local',-1, 113.33184872581845, 113.33184872581845, 5.342315528506324, 0.8897082691970181, 0.48314160846528553, 0.2718796230497814, 6.411961372346625, 10.64574322092255, 0.49688036269812336, 0.24934770850334328, 0.19449204868053144, 'Energy', 7
'ett1/H/short', 'tabpfn_ts_local',1, 111.2504865373884, 111.2504865373884, 5.080590311686198, 0.8612955228711417, 0.4913730984642392, 0.2606575193859282, 6.258471324210747, 10.547534618923438, 0.49229656570351893, 0.23713192253499077, 0.18565601089556866, 'Energy', 7
'ett1/H/short', 'tabpfn_ts_local',2, 115.33397391183036, 115.33397391183036, 5.11484847295852, 0.8686124747484569, 0.4977485111781529, 0.2610928989592053, 6.336853682274304, 10.739365619617871, 0.50125010283322, 0.23873089099074946, 0.18748447046527725, 'Energy', 7
'ett1/H/short', 'tabpfn_ts_local',3, 104.12795584542411, 104.12795584542411, 5.013705662318638, 0.8512643064710735, 0.49765515554518924, 0.26173095703125, 6.286638653581656, 10.20431065018231, 0.4762768997642157, 0.23401014248196694, 0.18365430222018564, 'Energy', 7
'ett1/H/short', 'tabpfn_ts_local',4, 113.33333158947173, 113.33333158947173, 5.138226754324776, 0.8658917545394286, 0.5082419622512091, 0.2635646547589983, 5.982957509720735, 10.645812866543904, 0.4968836133440276, 0.23982205096741457, 0.18570753967911402, 'Energy', 7
'ett1/H/short', 'tabpfn_ts_local',5, 114.03764241536459, 114.03764241536459, 5.4302770705450145, 0.9093476789943817, 0.6328370366777692, 0.27752216429937454, 5.999130489774932, 10.678840874147559, 0.498425165498418, 0.25345323331308817, 0.1930253867184623, 'Energy', 7