dataset,model,finetuning_place, eval_metrics/MSE[mean],eval_metrics/MSE[0.5],eval_metrics/MAE[0.5],eval_metrics/MASE[0.5],eval_metrics/MAPE[0.5],eval_metrics/sMAPE[0.5],eval_metrics/MSIS,eval_metrics/RMSE[mean],eval_metrics/NRMSE[mean],eval_metrics/ND[0.5],eval_metrics/mean_weighted_sum_quantile_loss,domain,num_variates
'ett1/D/short', 'tabpfn_ts_local',-1, 48811.77142857143, 48811.77142857143, 146.9728794642857, 1.6938367018297795, 1.8470046270461309, 0.4687198699466766, 13.01001130919511, 220.93386211391731, 0.5802901172932811, 0.386029143053165, 0.2980919156657485, 'Energy', 7
'ett1/D/short', 'tabpfn_ts_local',1, 48811.77142857143, 48811.77142857143, 146.9728794642857, 1.6938367018297795, 1.8470046270461309, 0.4687198699466766, 13.01001130919511, 220.93386211391731, 0.5802901172932811, 0.386029143053165, 0.2980919156657485, 'Energy', 7
'ett1/D/short', 'tabpfn_ts_local',2, 48811.77142857143, 48811.77142857143, 146.9728794642857, 1.6938367018297795, 1.8470046270461309, 0.4687198699466766, 13.01001130919511, 220.93386211391731, 0.5802901172932811, 0.386029143053165, 0.2980919156657485, 'Energy', 7
'ett1/D/short', 'tabpfn_ts_local',3, 48811.77142857143, 48811.77142857143, 146.9728794642857, 1.6938367018297795, 1.8470046270461309, 0.4687198699466766, 13.01001130919511, 220.93386211391731, 0.5802901172932811, 0.386029143053165, 0.2980919156657485, 'Energy', 7
'ett1/D/short', 'tabpfn_ts_local',4, 48811.77142857143, 48811.77142857143, 146.9728794642857, 1.6938367018297795, 1.8470046270461309, 0.4687198699466766, 13.01001130919511, 220.93386211391731, 0.5802901172932811, 0.386029143053165, 0.2980919156657485, 'Energy', 7
'ett1/D/short', 'tabpfn_ts_local',5, 48811.77142857143, 48811.77142857143, 146.9728794642857, 1.6938367018297795, 1.8470046270461309, 0.4687198699466766, 13.01001130919511, 220.93386211391731, 0.5802901172932811, 0.386029143053165, 0.2980919156657485, 'Energy', 7